scenario,model,seed,steps,initial_population,carrying_capacity,birth_count,death_count,turnover_events,reproduction_opportunity_count,evaluated_birth_attempt_count,capacity_blocked_opportunity_count,capacity_blocked_fraction,final_population,mean_population,max_lineage_depth,mean_lineage_depth_alive,parent_offspring_agreement,parent_offspring_mutual_information,shuffled_lineage_mutual_information,shuffled_lineage_mutual_information_p95,lineage_mi_permutation_p_value,theta_parent_child_correlation,mutation_event_rate,transmitted_variant_rate,selection_gradient_birth_rate_bit1_minus_bit0,mean_birth_probability,mean_event_resource_score,mean_event_negativity,mean_event_chsh,final_p_one_alive,final_shannon_diversity_alive,mean_shannon_diversity_alive,theta_mean_alive,theta_std_alive,interaction_birth_covariance
basis_selection,quantum,11,64,24,80,720,664,1384,4038,2103,1935,0.47919762258543835,80,73.56923076923077,19,11.8875,0.7138888888888889,0.006681732393356447,0.0009771734304654407,0.004273648436632084,0.014925373134328358,0.9857301731828786,0.0875,0.47619047619047616,0.1841768925976298,0.3370401188707281,0.414202380517017,0.2071011902585085,1.9496019753046205,0.7,0.8812908992306927,0.88861799578539,2.563057597469456,0.47580916710542237,0.04768848980745323
basis_selection,quantum,12,64,24,80,706,650,1356,4113,2047,2066,0.5023097495745198,80,74.50769230769231,16,10.3375,0.6883852691218131,0.011644648326714847,0.0010991858479544566,0.004400861302210545,0.004975124378109453,0.9845472750873228,0.0764872521246459,0.48148148148148145,0.16086632397574596,0.33842830051057626,0.5360665126323789,0.26803325631618946,2.100940130583288,0.7875,0.7462343013654811,0.8838497175993499,2.3165265454714,0.3667426085320727,0.040528661235487685
basis_selection,quantum,13,64,24,80,714,658,1372,4089,2058,2031,0.4966984592809978,80,74.26153846153846,14,9.4,0.6582633053221288,2.8276463794582422e-05,0.0008636953556826353,0.0028374069359327816,0.8855721393034826,0.9586790371554046,0.09243697478991597,0.5303030303030303,0.15333637412465456,0.34213480068476404,0.5775517693079759,0.28877588465398796,2.1293424230520532,0.7875,0.7462343013654811,0.8746629285875009,2.3220008073912357,0.2721371970718045,0.038189893361338254
basis_selection,quantum,14,64,24,80,746,690,1436,4110,2452,1658,0.40340632603406323,80,75.07692307692308,17,10.675,0.6233243967828418,0.00692875829897421,0.0009294480366032287,0.004043621414926967,0.009950248756218905,0.9703476121154184,0.08981233243967829,0.4626865671641791,0.2004653804576852,0.30671649635036496,0.6847177708582123,0.34235888542910614,2.3101854691874597,0.7125,0.8654698974285928,0.9696491946771204,2.273361218884099,0.3810587038031632,0.0561577305367598
basis_selection,quantum,15,64,24,80,721,665,1386,4108,2077,2031,0.4944011684518014,80,74.66153846153846,15,10.075,0.7212205270457698,0.004091704521253002,0.0011046363773919094,0.003355066918660857,0.05472636815920398,0.9745518688140271,0.07905686546463246,0.543859649122807,0.17338560463113928,0.341053359298929,0.4520849468921945,0.22604247344609724,1.9496527324723307,0.825,0.6690158350565577,0.8625546745674545,2.6429691500013894,0.18059351741424837,0.044923802701926314
basis_selection,quantum,16,64,24,80,693,637,1330,4143,2290,1853,0.4472604392951967,80,74.76923076923077,17,10.5875,0.6565656565656566,0.005455497332955212,0.001088676901680956,0.004209315033449708,0.03482587064676617,0.9790520448720512,0.07503607503607504,0.5192307692307693,0.16323447395867896,0.32350306541153756,0.5242722793411415,0.26213613967057076,2.0549509406081294,0.7375,0.8304955225035798,0.9048631691877401,2.4256020819171615,0.23596866982832237,0.04211967421733141
basis_selection,quantum,17,64,24,80,739,683,1422,4088,2132,1956,0.47847358121330724,80,74.63076923076923,15,8.2875,0.7266576454668471,0.018726055834252617,0.0009805931545901277,0.0034792736582688524,0.004975124378109453,0.9852273052847945,0.07036535859269283,0.5384615384615384,0.1834472049689441,0.33671232876712337,0.4814145685271274,0.2407072842635637,2.018053498171094,0.85,0.6098403047164005,0.8785994133743797,2.492587422972359,0.3896134419196229,0.047070251913863694
basis_selection,quantum,18,64,24,80,716,660,1376,4032,2187,1845,0.4575892857142857,80,73.41538461538461,18,13.6,0.7304469273743017,0.007479490132845077,0.0010301627478261654,0.0046714166571164735,0.01990049751243781,0.968937820300911,0.0782122905027933,0.375,0.16567242281527997,0.3509583333333334,0.381663843078211,0.1908319215391055,1.8644121659636161,0.8375,0.6402569436810504,0.8122734786307164,2.678496575534493,0.24298770219686638,0.04414903982426306
basis_selection,quantum,19,64,24,80,679,623,1302,4062,2045,2017,0.4965534219596258,80,73.3076923076923,18,9.625,0.7422680412371134,0.015485641450814488,0.0010088701119290665,0.003932167823323401,0.004975124378109453,0.9831897907619858,0.0662739322533137,0.4666666666666667,0.14488030136067387,0.3489481043820778,0.3832399024022519,0.19161995120112596,1.8698826749276345,0.75,0.8112781244591328,0.8035611288516247,2.548766608026284,0.3977517416624472,0.03741853559342742
basis_selection,quantum,20,64,24,80,731,675,1406,4124,2136,1988,0.48205625606207564,80,75.06153846153846,17,8.4625,0.7209302325581395,0.009203776141827987,0.0007962868679323467,0.0029356017547003312,0.004975124378109453,0.9874892386689117,0.08071135430916553,0.3898305084745763,0.17309574875185774,0.3406576139670224,0.43268412155410285,0.21634206077705143,1.9774421649130602,0.7875,0.7462343013654811,0.870610651003047,2.537449827153133,0.4991562869609232,0.04472718190037076
basis_selection,dephased,11,64,24,80,720,664,1384,4038,2103,1935,0.47919762258543835,80,73.56923076923077,19,11.8875,0.7138888888888889,0.006681732393356447,0.0009771734304654407,0.004273648436632084,0.014925373134328358,0.9857301731828786,0.0875,0.47619047619047616,0.1841768925976298,0.3370401188707281,0.0,0.0,1.5293316980115457,0.7,0.8812908992306927,0.88861799578539,2.563057597469456,0.47580916710542237,0.04768848980745323
basis_selection,dephased,12,64,24,80,706,650,1356,4113,2047,2066,0.5023097495745198,80,74.50769230769231,16,10.3375,0.6883852691218131,0.011644648326714847,0.0010991858479544566,0.004400861302210545,0.004975124378109453,0.9845472750873228,0.0764872521246459,0.48148148148148145,0.16086632397574596,0.33842830051057626,0.0,0.0,1.5567595157432608,0.7875,0.7462343013654811,0.8838497175993499,2.3165265454714,0.3667426085320727,0.040528661235487685
basis_selection,dephased,13,64,24,80,714,658,1372,4089,2058,2031,0.4966984592809978,80,74.26153846153846,14,9.4,0.6582633053221288,2.8276463794582422e-05,0.0008636953556826353,0.0028374069359327816,0.8855721393034826,0.9586790371554046,0.09243697478991597,0.5303030303030303,0.15333637412465456,0.34213480068476404,0.0,0.0,1.5466265579598455,0.7875,0.7462343013654811,0.8746629285875009,2.3220008073912357,0.2721371970718045,0.038189893361338254
basis_selection,dephased,14,64,24,80,746,690,1436,4110,2452,1658,0.40340632603406323,80,75.07692307692308,17,10.675,0.6233243967828418,0.00692875829897421,0.0009294480366032287,0.004043621414926967,0.009950248756218905,0.9703476121154184,0.08981233243967829,0.4626865671641791,0.2004653804576852,0.30671649635036496,0.0,0.0,1.5870302422287978,0.7125,0.8654698974285928,0.9696491946771204,2.273361218884099,0.3810587038031632,0.0561577305367598
basis_selection,dephased,15,64,24,80,721,665,1386,4108,2077,2031,0.4944011684518014,80,74.66153846153846,15,10.075,0.7212205270457698,0.004091704521253002,0.0011046363773919094,0.003355066918660857,0.05472636815920398,0.9745518688140271,0.07905686546463246,0.543859649122807,0.17338560463113928,0.341053359298929,0.0,0.0,1.5227299623071642,0.825,0.6690158350565577,0.8625546745674545,2.6429691500013894,0.18059351741424837,0.044923802701926314
basis_selection,dephased,16,64,24,80,693,637,1330,4143,2290,1853,0.4472604392951967,80,74.76923076923077,17,10.5875,0.6565656565656566,0.005455497332955212,0.001088676901680956,0.004209315033449708,0.03482587064676617,0.9790520448720512,0.07503607503607504,0.5192307692307693,0.16323447395867896,0.32350306541153756,0.0,0.0,1.54497342788615,0.7375,0.8304955225035798,0.9048631691877401,2.4256020819171615,0.23596866982832237,0.04211967421733141
basis_selection,dephased,17,64,24,80,739,683,1422,4088,2132,1956,0.47847358121330724,80,74.63076923076923,15,8.2875,0.7266576454668471,0.018726055834252617,0.0009805931545901277,0.0034792736582688524,0.004975124378109453,0.9852273052847945,0.07036535859269283,0.5384615384615384,0.1834472049689441,0.33671232876712337,0.0,0.0,1.539523707209421,0.85,0.6098403047164005,0.8785994133743797,2.492587422972359,0.3896134419196229,0.047070251913863694
basis_selection,dephased,18,64,24,80,716,660,1376,4032,2187,1845,0.4575892857142857,80,73.41538461538461,18,13.6,0.7304469273743017,0.007479490132845077,0.0010301627478261654,0.0046714166571164735,0.01990049751243781,0.968937820300911,0.0782122905027933,0.375,0.16567242281527997,0.3509583333333334,0.0,0.0,1.5127549906679263,0.8375,0.6402569436810504,0.8122734786307164,2.678496575534493,0.24298770219686638,0.04414903982426306
basis_selection,dephased,19,64,24,80,679,623,1302,4062,2045,2017,0.4965534219596258,80,73.3076923076923,18,9.625,0.7422680412371134,0.015485641450814488,0.0010088701119290665,0.003932167823323401,0.004975124378109453,0.9831897907619858,0.0662739322533137,0.4666666666666667,0.14488030136067387,0.3489481043820778,0.0,0.0,1.522718271219099,0.75,0.8112781244591328,0.8035611288516247,2.548766608026284,0.3977517416624472,0.03741853559342742
basis_selection,dephased,20,64,24,80,731,675,1406,4124,2136,1988,0.48205625606207564,80,75.06153846153846,17,8.4625,0.7209302325581395,0.009203776141827987,0.0007962868679323467,0.0029356017547003312,0.004975124378109453,0.9874892386689117,0.08071135430916553,0.3898305084745763,0.17309574875185774,0.3406576139670224,0.0,0.0,1.5348994462281584,0.7875,0.7462343013654811,0.870610651003047,2.537449827153133,0.4991562869609232,0.04472718190037076
basis_selection,classical,11,64,24,80,720,664,1384,4038,2103,1935,0.47919762258543835,80,73.56923076923077,19,11.8875,0.7138888888888889,0.006681732393356447,0.0009771734304654407,0.004273648436632084,0.014925373134328358,0.9857301731828786,0.0875,0.47619047619047616,0.1841768925976298,0.3370401188707281,0.0,0.0,1.5293316980115461,0.7,0.8812908992306927,0.88861799578539,2.563057597469456,0.47580916710542237,0.04768848980745323
basis_selection,classical,12,64,24,80,706,650,1356,4113,2047,2066,0.5023097495745198,80,74.50769230769231,16,10.3375,0.6883852691218131,0.011644648326714847,0.0010991858479544566,0.004400861302210545,0.004975124378109453,0.9845472750873228,0.0764872521246459,0.48148148148148145,0.16086632397574596,0.33842830051057626,0.0,0.0,1.5567595157432608,0.7875,0.7462343013654811,0.8838497175993499,2.3165265454714,0.3667426085320727,0.040528661235487685
basis_selection,classical,13,64,24,80,714,658,1372,4089,2058,2031,0.4966984592809978,80,74.26153846153846,14,9.4,0.6582633053221288,2.8276463794582422e-05,0.0008636953556826353,0.0028374069359327816,0.8855721393034826,0.9586790371554046,0.09243697478991597,0.5303030303030303,0.15333637412465456,0.34213480068476404,0.0,0.0,1.5466265579598455,0.7875,0.7462343013654811,0.8746629285875009,2.3220008073912357,0.2721371970718045,0.038189893361338254
basis_selection,classical,14,64,24,80,746,690,1436,4110,2452,1658,0.40340632603406323,80,75.07692307692308,17,10.675,0.6233243967828418,0.00692875829897421,0.0009294480366032287,0.004043621414926967,0.009950248756218905,0.9703476121154184,0.08981233243967829,0.4626865671641791,0.2004653804576852,0.30671649635036496,0.0,0.0,1.5870302422287983,0.7125,0.8654698974285928,0.9696491946771204,2.273361218884099,0.3810587038031632,0.0561577305367598
basis_selection,classical,15,64,24,80,721,665,1386,4108,2077,2031,0.4944011684518014,80,74.66153846153846,15,10.075,0.7212205270457698,0.004091704521253002,0.0011046363773919094,0.003355066918660857,0.05472636815920398,0.9745518688140271,0.07905686546463246,0.543859649122807,0.17338560463113928,0.341053359298929,0.0,0.0,1.5227299623071642,0.825,0.6690158350565577,0.8625546745674545,2.6429691500013894,0.18059351741424837,0.044923802701926314
basis_selection,classical,16,64,24,80,693,637,1330,4143,2290,1853,0.4472604392951967,80,74.76923076923077,17,10.5875,0.6565656565656566,0.005455497332955212,0.001088676901680956,0.004209315033449708,0.03482587064676617,0.9790520448720512,0.07503607503607504,0.5192307692307693,0.16323447395867896,0.32350306541153756,0.0,0.0,1.5449734278861502,0.7375,0.8304955225035798,0.9048631691877401,2.4256020819171615,0.23596866982832237,0.04211967421733141
basis_selection,classical,17,64,24,80,739,683,1422,4088,2132,1956,0.47847358121330724,80,74.63076923076923,15,8.2875,0.7266576454668471,0.018726055834252617,0.0009805931545901277,0.0034792736582688524,0.004975124378109453,0.9852273052847945,0.07036535859269283,0.5384615384615384,0.1834472049689441,0.33671232876712337,0.0,0.0,1.5395237072094212,0.85,0.6098403047164005,0.8785994133743797,2.492587422972359,0.3896134419196229,0.047070251913863694
basis_selection,classical,18,64,24,80,716,660,1376,4032,2187,1845,0.4575892857142857,80,73.41538461538461,18,13.6,0.7304469273743017,0.007479490132845077,0.0010301627478261654,0.0046714166571164735,0.01990049751243781,0.968937820300911,0.0782122905027933,0.375,0.16567242281527997,0.3509583333333334,0.0,0.0,1.5127549906679263,0.8375,0.6402569436810504,0.8122734786307164,2.678496575534493,0.24298770219686638,0.04414903982426306
basis_selection,classical,19,64,24,80,679,623,1302,4062,2045,2017,0.4965534219596258,80,73.3076923076923,18,9.625,0.7422680412371134,0.015485641450814488,0.0010088701119290665,0.003932167823323401,0.004975124378109453,0.9831897907619858,0.0662739322533137,0.4666666666666667,0.14488030136067387,0.3489481043820778,0.0,0.0,1.522718271219099,0.75,0.8112781244591328,0.8035611288516247,2.548766608026284,0.3977517416624472,0.03741853559342742
basis_selection,classical,20,64,24,80,731,675,1406,4124,2136,1988,0.48205625606207564,80,75.06153846153846,17,8.4625,0.7209302325581395,0.009203776141827987,0.0007962868679323467,0.0029356017547003312,0.004975124378109453,0.9874892386689117,0.08071135430916553,0.3898305084745763,0.17309574875185774,0.3406576139670224,0.0,0.0,1.5348994462281587,0.7875,0.7462343013654811,0.870610651003047,2.537449827153133,0.4991562869609232,0.04472718190037076
basis_selection,no_inheritance,11,64,24,80,719,663,1382,4085,2627,1458,0.35691554467564257,80,74.27692307692308,16,10.7375,0.48261474269819193,0.0010320315166434755,0.0011452260261720602,0.005225872584515151,0.3582089552238806,0.01694244663398014,0.0,0.0,0.2297647633615582,0.264821052631579,0.6272405728119423,0.31362028640597117,2.265460986993475,0.4625,0.9959386076315955,0.983739698414765,1.5980306314919317,0.7087324497692887,0.06768171460503469
basis_selection,no_inheritance,12,64,24,80,707,651,1358,4050,2689,1361,0.3360493827160494,80,73.55384615384615,13,8.8625,0.44413012729844414,0.0018242843324228868,0.0009478427589600591,0.003600066014646421,0.19900497512437812,-0.029527376939962147,0.0,0.0,0.22918113962722914,0.26362172839506176,0.6339148378749297,0.3169574189374649,2.275656485461814,0.3,0.8812908992306927,0.9820404729731844,1.4555015920439818,0.7468546489029556,0.05811888431641519
basis_selection,no_inheritance,13,64,24,80,698,642,1340,4053,2527,1526,0.3765112262521589,80,73.46153846153847,18,9.125,0.49140401146131807,0.0006714473372943473,0.0009573401688219539,0.003155089656663169,0.5024875621890548,0.015358111787902506,0.0,0.0,0.20474300605555534,0.27326770293609676,0.6381911929568803,0.31909559647844016,2.2813435291240824,0.475,0.99819587904281,0.9892395190752714,1.6471947579978494,0.6577742717482311,0.06284781176916343
basis_selection,no_inheritance,14,64,24,80,746,691,1437,4151,2611,1540,0.37099494097807756,79,75.70769230769231,15,9.784810126582279,0.46648793565683644,0.0007167102125411381,0.00091486307113278,0.003055642711528743,0.3582089552238806,0.01323804040129378,0.0,0.0,0.21027486831974038,0.2822900505902192,0.6236398895747173,0.31181994478735864,2.262610032431167,0.4936708860759494,0.9998844148717587,0.993305109101402,1.679757427988929,0.7063046716456067,0.059189529262162546
basis_selection,no_inheritance,15,64,24,80,673,617,1290,4134,2683,1451,0.35099177552007743,80,74.32307692307693,14,9.2625,0.4888558692421991,0.0015335759984264098,0.0011825826690132447,0.00457745941106624,0.2835820895522388,-0.06281262198008393,0.0,0.0,0.19885028562520563,0.2514906627963232,0.6354597659545795,0.31772988297728977,2.279005459421798,0.475,0.99819587904281,0.9682660122334291,1.5101547114180418,0.719927261472325,0.05610318715858602
basis_selection,no_inheritance,16,64,24,80,699,643,1342,4089,2769,1320,0.32281731474688186,80,74.03076923076924,12,8.1875,0.4592274678111588,0.0003076737348409941,0.0012616163504587626,0.0042888778889739534,0.6417910447761194,0.007022456826919809,0.0,0.0,0.2078238952584745,0.25834707752506725,0.6399261702484398,0.3199630851242199,2.2851731650243097,0.3,0.8812908992306927,0.9775071936225791,1.5492405069919057,0.7719494427140013,0.056511869882638774
basis_selection,no_inheritance,17,64,24,80,755,699,1454,4133,2711,1422,0.34406000483909993,80,75.56923076923077,14,9.0375,0.4503311258278146,0.0020505707999122977,0.0010067973447291639,0.004484614063024181,0.15920398009950248,0.016892006087395262,0.0,0.0,0.23667273945835732,0.2667669005564965,0.6280985482002424,0.3140492741001212,2.2739584710492458,0.45,0.9927744539878084,0.9895579779744753,1.6255098316641898,0.7012604645349637,0.06325276148043672
basis_selection,no_inheritance,18,64,24,80,709,653,1362,4094,2818,1276,0.31167562286272593,80,74.26153846153846,17,9.525,0.4837799717912553,0.001797419614479016,0.0009488016820628404,0.0035844225726106268,0.18407960199004975,0.02502938949568875,0.0,0.0,0.24985116366849386,0.25476033219345384,0.6357254370925679,0.31786271854628395,2.2799656097207612,0.5125,0.9995491108252484,0.9728240180788583,1.6404110367614422,0.6860430804618335,0.07194474070386464
basis_selection,no_inheritance,19,64,24,80,687,631,1318,4079,2529,1550,0.3799950968374602,80,73.6923076923077,15,10.35,0.4774381368267831,0.00013672481829087296,0.0009278329304330207,0.0029775585447606827,0.8258706467661692,-0.010861713237116755,0.0,0.0,0.21568156996916893,0.26937729835744056,0.6121228527743221,0.30606142638716105,2.2472067720450184,0.475,0.99819587904281,0.9876946371695854,1.581965147823834,0.709733901345805,0.06082499946959537
basis_selection,no_inheritance,20,64,24,80,721,665,1386,4106,2868,1238,0.30150998538723817,80,74.63076923076923,13,9.2875,0.46601941747572817,3.272240794570218e-05,0.0010107398516479083,0.003604105373610007,0.900497512437811,0.03428125008324187,0.0,0.0,0.22685031883519136,0.25868153921091086,0.6282633456102049,0.31413167280510246,2.2705978473908828,0.4125,0.9777945702913884,0.9818939606496071,1.54293461099667,0.6585623394132606,0.05949190105648915
resource_selection,quantum,11,64,24,80,716,660,1376,4223,1498,2725,0.6452758702344304,80,76.35384615384615,15,9.1375,0.5698324022346368,0.013213523771078067,0.0010334159681015592,0.0039643301136073434,0.004975124378109453,0.9839290018661357,0.08100558659217877,0.4827586206896552,0.01769860869879869,0.4683176955630644,0.6707423638016927,0.33537118190084636,2.317089237974366,0.625,0.9544340029249649,0.9826656079498499,1.8526143702921096,0.42583075122513536,0.007753734510600669
resource_selection,quantum,12,64,24,80,738,682,1420,4269,1540,2729,0.6392597798079176,80,77.4,16,8.275,0.55420054200542,0.00505594609372392,0.000725373976923487,0.00274938568287312,0.009950248756218905,0.9848880919203824,0.07046070460704607,0.5384615384615384,0.0038727355348919246,0.4836671501432922,0.738158723015609,0.3690793615078045,2.4344448388099993,0.4875,0.9995491108252484,0.9736641373901787,1.743442311987009,0.3437742514018231,-8.411817566607713e-05
resource_selection,quantum,13,64,24,80,738,682,1420,4260,1556,2704,0.6347417840375587,80,77.26153846153846,14,8.5875,0.5826558265582655,0.015292805626815752,0.0009784414527590202,0.003634150775396505,0.004975124378109453,0.9815270478993389,0.08401084010840108,0.45161290322580644,0.005346098204064065,0.4709312824381748,0.7017731017901784,0.3508865508950892,2.341911107634647,0.65,0.934068055375491,0.9807586816664173,1.6978923251883464,0.35285826024151096,0.009273292336176677
resource_selection,quantum,14,64,24,80,780,724,1504,4194,1706,2488,0.5932284215546018,80,76.8923076923077,14,10.0625,0.5820512820512821,0.006605107270696138,0.000899344426760022,0.0033608654407853264,0.004975124378109453,0.9833058271644253,0.0782051282051282,0.6229508196721312,-0.013597292416002493,0.45780900691522936,0.6402059070730375,0.32010295353651874,2.2378065208048725,0.675,0.9097361225311661,0.9102446014540978,2.053419335289065,0.27766720698878494,0.0047243729205084205
resource_selection,quantum,15,64,24,80,763,707,1470,4218,1635,2583,0.612375533428165,80,77.0,16,10.1875,0.6251638269986893,0.045679910017161166,0.0009082849553382968,0.003523895886203398,0.004975124378109453,0.9835008465953399,0.08781127129750983,0.47761194029850745,0.0026044290134561443,0.4794097529346214,0.7146536152963464,0.3573268076481732,2.3682037233269377,0.4125,0.9777945702913884,0.9949036029668766,1.2973077992109787,0.412196138574476,-0.0019670040632831687
resource_selection,quantum,16,64,24,80,759,703,1462,4238,1629,2609,0.6156205757432751,80,77.24615384615385,19,10.6125,0.5915678524374176,0.02326918020797597,0.0008358234327546282,0.0029969798221729793,0.004975124378109453,0.9809052369071616,0.0922266139657444,0.5142857142857142,0.017761699379652857,0.47617307383676527,0.719846078528794,0.359923039264397,2.404398575434652,0.5375,0.9959386076315955,0.9806372694848222,1.7222732286553672,0.4200690960192027,0.0035463093639626704
resource_selection,quantum,17,64,24,80,720,664,1384,4277,1441,2836,0.663081599251812,80,77.24615384615385,15,9.2,0.5430555555555555,0.005409158949992207,0.0010280187197643496,0.0035488609662595117,0.01990049751243781,0.9733418305282433,0.06944444444444445,0.52,0.006486917921299795,0.49367436694128325,0.7626834100011644,0.3813417050005822,2.461864682950345,0.5,1.0,0.9871197418357504,1.7019283154373959,0.28273934227449155,0.0038038064194795642
resource_selection,quantum,18,64,24,80,765,709,1474,4230,1620,2610,0.6170212765957447,80,77.21538461538462,20,11.9,0.5176470588235295,0.0006298703831876321,0.0010751018377665419,0.003738191469640725,0.4427860696517413,0.9787205503769892,0.06535947712418301,0.48,0.02597103082031721,0.495978975311337,0.7753805177331914,0.3876902588665957,2.4726579964768094,0.425,0.9837082626231857,0.9850275626091399,1.4359226994217436,0.28535092317148236,0.015602836879432628
resource_selection,quantum,19,64,24,80,725,669,1394,4279,1463,2816,0.6580976863753213,80,77.35384615384615,14,8.9875,0.5834482758620689,0.013543673920341746,0.0010286821414633158,0.004644655391905086,0.004975124378109453,0.9688030221982524,0.08413793103448276,0.5245901639344263,0.017083231155405054,0.4884128993198774,0.7472813663115784,0.3736406831557892,2.432778488436153,0.2625,0.8304955225035799,0.9569613269959448,1.2555091432120709,0.3289869142901569,0.004764814724497063
resource_selection,quantum,20,64,24,80,760,704,1464,4231,1592,2639,0.6237296147482865,80,77.15384615384616,15,8.9,0.5986842105263158,0.022051740373439613,0.0010229864469355361,0.004293568460053073,0.004975124378109453,0.989266496117348,0.08947368421052632,0.6470588235294118,0.025892740475257137,0.4734503949008338,0.6989484726870161,0.34947423634350805,2.3602763411903167,0.375,0.9544340029249649,0.9632287540479261,1.302275962113682,0.5053187172614553,0.009349456725664604
resource_selection,dephased,11,64,24,80,701,645,1346,4024,2423,1601,0.39786282306163023,80,73.06153846153846,16,9.575,0.724679029957204,0.14376657160856063,0.0010786747697987438,0.0035771887330124236,0.004975124378109453,0.9906974328771129,0.07845934379457917,0.4909090909090909,0.010932932948942986,0.2800000000000001,0.0,0.0,1.6127273188062885,0.3375,0.9224062617590723,0.9641297707431046,1.6753879758057941,0.8460388398449911,0.01217693836978131
resource_selection,dephased,12,64,24,80,695,639,1334,4087,2612,1475,0.3609004159530218,80,73.93846153846154,16,9.025,0.6086330935251798,0.029384663949013803,0.000987880832051228,0.0031022195851884878,0.004975124378109453,0.9909140339506441,0.07338129496402877,0.6078431372549019,0.03350707443727993,0.28001644237827267,0.0,0.0,1.6165144684805193,0.55,0.9927744539878084,0.983531965823065,1.9158533282535122,0.7636906442170194,0.01117198366408999
resource_selection,dephased,13,64,24,80,726,670,1396,4056,2644,1412,0.34812623274161736,80,73.93846153846154,17,11.3375,0.5867768595041323,0.0068428326242946196,0.0012319046705633859,0.005044686898240433,0.01990049751243781,0.985220950743784,0.07162534435261708,0.46153846153846156,0.01691744066074724,0.2794698224852072,0.0,0.0,1.5865562390364023,0.6875,0.8960382325345575,0.9377252376462756,2.1407083183590543,0.5805240375025368,0.017617263634559947
resource_selection,dephased,14,64,24,80,728,672,1400,4120,2607,1513,0.36723300970873785,80,74.95384615384616,16,10.0,0.6387362637362637,0.05237809731367546,0.0009039217203418332,0.0033058227996644895,0.004975124378109453,0.9886026441388437,0.08241758241758242,0.4166666666666667,0.013255737607067192,0.2803017475728156,0.0,0.0,1.6180385010624794,0.6375,0.9447388286467892,0.9740580772480177,2.0660247201640787,0.49382090374081117,0.01079178056367235
resource_selection,dephased,15,64,24,80,712,656,1368,4089,2709,1380,0.3374908290535583,80,74.23076923076923,14,9.2,0.6657303370786517,0.07516328398072973,0.0009010361765244311,0.0032943691048509527,0.004975124378109453,0.9914630227590695,0.07443820224719101,0.39622641509433965,0.01642222606789534,0.2797370506236244,0.0,0.0,1.6153595065191713,0.75,0.8112781244591328,0.9742256311281268,2.010833069799071,0.7442401546747375,0.014079731596817958
resource_selection,dephased,16,64,24,80,690,634,1324,4233,2411,1822,0.4304275927238365,80,76.1076923076923,15,9.9375,0.6,0.02395160419546169,0.0011348918960534325,0.0038266309002233483,0.004975124378109453,0.9921086026400259,0.06231884057971015,0.5116279069767442,-0.0008866799295589867,0.2801825655563431,0.0,0.0,1.5961988949020787,0.725,0.8485481782946158,0.9664043293087567,2.101475982754862,0.40612151201905533,0.0005317471997465798
resource_selection,dephased,17,64,24,80,767,711,1478,4106,2682,1424,0.3468095470043838,80,75.33846153846154,18,12.2875,0.5697522816166884,0.013942197746120225,0.0007287175065903814,0.002604737360437761,0.004975124378109453,0.9883006245872845,0.06258148631029987,0.5416666666666666,0.022145468356834258,0.2802454943984414,0.0,0.0,1.6419019422634717,0.5,1.0,0.9938003103568808,1.6116044849837325,0.6474753482464892,0.011056017010497975
resource_selection,dephased,18,64,24,80,718,662,1380,4133,2650,1483,0.3588192596177111,80,75.0,16,9.8375,0.7005571030640668,0.08178328865335419,0.0011415614149206746,0.004631363373495973,0.004975124378109453,0.9938549331039904,0.08356545961002786,0.5166666666666667,0.007314645586769253,0.2803007984514881,0.0,0.0,1.7164896355699744,0.3125,0.8960382325345575,0.9105559889355888,1.0808785692580551,0.7409165295362252,0.007881012234797155
resource_selection,dephased,19,64,24,80,692,642,1334,4125,2466,1659,0.4021818181818182,74,74.47692307692307,14,7.662162162162162,0.6083815028901735,0.026223557796367668,0.0009145887727192972,0.0036175781385816737,0.004975124378109453,0.9893695446199366,0.09826589595375723,0.5294117647058824,0.03236687549036549,0.28007330909090916,0.0,0.0,1.6076259123016143,0.527027027027027,0.9978913098356863,0.9776449132705113,1.8741923775308997,0.9175734185735304,0.010300650137741051
resource_selection,dephased,20,64,24,80,708,652,1360,4202,2468,1734,0.41266063779152784,80,75.9076923076923,14,9.475,0.5663841807909604,0.013662597082273957,0.000859094553628206,0.003238936366650804,0.004975124378109453,0.9897179832737144,0.07203389830508475,0.45098039215686275,0.03448899605342681,0.2798800571156592,0.0,0.0,1.6618808500919569,0.5125,0.9995491108252484,0.9772292523542843,1.7508568213840252,0.538678509957831,0.013690473089014296
resource_selection,classical,11,64,24,80,701,645,1346,4024,2423,1601,0.39786282306163023,80,73.06153846153846,16,9.575,0.724679029957204,0.14376657160856063,0.0010786747697987438,0.0035771887330124236,0.004975124378109453,0.9906974328771129,0.07845934379457917,0.4909090909090909,0.010932932948942986,0.2800000000000001,0.0,0.0,1.6127273188062885,0.3375,0.9224062617590723,0.9641297707431046,1.6753879758057941,0.8460388398449911,0.01217693836978131
resource_selection,classical,12,64,24,80,695,639,1334,4087,2612,1475,0.3609004159530218,80,73.93846153846154,16,9.025,0.6086330935251798,0.029384663949013803,0.000987880832051228,0.0031022195851884878,0.004975124378109453,0.9909140339506441,0.07338129496402877,0.6078431372549019,0.03350707443727993,0.28001644237827267,0.0,0.0,1.6165144684805193,0.55,0.9927744539878084,0.983531965823065,1.9158533282535122,0.7636906442170194,0.01117198366408999
resource_selection,classical,13,64,24,80,726,670,1396,4056,2644,1412,0.34812623274161736,80,73.93846153846154,17,11.3375,0.5867768595041323,0.0068428326242946196,0.0012319046705633859,0.005044686898240433,0.01990049751243781,0.985220950743784,0.07162534435261708,0.46153846153846156,0.01691744066074724,0.2794698224852072,0.0,0.0,1.5865562390364023,0.6875,0.8960382325345575,0.9377252376462756,2.1407083183590543,0.5805240375025368,0.017617263634559947
resource_selection,classical,14,64,24,80,728,672,1400,4120,2607,1513,0.36723300970873785,80,74.95384615384616,16,10.0,0.6387362637362637,0.05237809731367546,0.0009039217203418332,0.0033058227996644895,0.004975124378109453,0.9886026441388437,0.08241758241758242,0.4166666666666667,0.013255737607067192,0.2803017475728156,0.0,0.0,1.6180385010624794,0.6375,0.9447388286467892,0.9740580772480177,2.0660247201640787,0.49382090374081117,0.01079178056367235
resource_selection,classical,15,64,24,80,712,656,1368,4089,2709,1380,0.3374908290535583,80,74.23076923076923,14,9.2,0.6657303370786517,0.07516328398072973,0.0009010361765244311,0.0032943691048509527,0.004975124378109453,0.9914630227590695,0.07443820224719101,0.39622641509433965,0.01642222606789534,0.2797370506236244,0.0,0.0,1.6153595065191713,0.75,0.8112781244591328,0.9742256311281268,2.010833069799071,0.7442401546747375,0.014079731596817958
resource_selection,classical,16,64,24,80,690,634,1324,4233,2411,1822,0.4304275927238365,80,76.1076923076923,15,9.9375,0.6,0.02395160419546169,0.0011348918960534325,0.0038266309002233483,0.004975124378109453,0.9921086026400259,0.06231884057971015,0.5116279069767442,-0.0008866799295589867,0.2801825655563431,0.0,0.0,1.5961988949020787,0.725,0.8485481782946158,0.9664043293087567,2.101475982754862,0.40612151201905533,0.0005317471997465798
resource_selection,classical,17,64,24,80,767,711,1478,4106,2682,1424,0.3468095470043838,80,75.33846153846154,18,12.2875,0.5697522816166884,0.013942197746120225,0.0007287175065903814,0.002604737360437761,0.004975124378109453,0.9883006245872845,0.06258148631029987,0.5416666666666666,0.022145468356834258,0.2802454943984414,0.0,0.0,1.6419019422634717,0.5,1.0,0.9938003103568808,1.6116044849837325,0.6474753482464892,0.011056017010497975
resource_selection,classical,18,64,24,80,718,662,1380,4133,2650,1483,0.3588192596177111,80,75.0,16,9.8375,0.7005571030640668,0.08178328865335419,0.0011415614149206746,0.004631363373495973,0.004975124378109453,0.9938549331039904,0.08356545961002786,0.5166666666666667,0.007314645586769253,0.2803007984514881,0.0,0.0,1.7164896355699746,0.3125,0.8960382325345575,0.9105559889355888,1.0808785692580551,0.7409165295362252,0.007881012234797155
resource_selection,classical,19,64,24,80,692,642,1334,4125,2466,1659,0.4021818181818182,74,74.47692307692307,14,7.662162162162162,0.6083815028901735,0.026223557796367668,0.0009145887727192972,0.0036175781385816737,0.004975124378109453,0.9893695446199366,0.09826589595375723,0.5294117647058824,0.03236687549036549,0.28007330909090916,0.0,0.0,1.607625912301615,0.527027027027027,0.9978913098356863,0.9776449132705113,1.8741923775308997,0.9175734185735304,0.010300650137741051
resource_selection,classical,20,64,24,80,708,652,1360,4202,2468,1734,0.41266063779152784,80,75.9076923076923,14,9.475,0.5663841807909604,0.013662597082273957,0.000859094553628206,0.003238936366650804,0.004975124378109453,0.9897179832737144,0.07203389830508475,0.45098039215686275,0.03448899605342681,0.2798800571156592,0.0,0.0,1.6618808500919569,0.5125,0.9995491108252484,0.9772292523542843,1.7508568213840252,0.538678509957831,0.013690473089014296
resource_selection,no_inheritance,11,64,24,80,785,729,1514,4156,1682,2474,0.595283926852743,80,76.38461538461539,16,9.2125,0.4840764331210191,0.0020991575463283237,0.0009787720245714702,0.0031255981706655583,0.16417910447761194,0.027644712748053118,0.0,0.0,0.008816125686839926,0.4605895872882389,0.6352976957544029,0.31764884787720143,2.28616467660949,0.4375,0.9886994082884974,0.9766742502454739,1.4998817126280428,0.6995475013722475,0.0073841777973749495
resource_selection,no_inheritance,12,64,24,80,712,656,1368,4218,1581,2637,0.6251778093883357,80,76.21538461538462,14,9.65,0.5014044943820225,1.3774978314890938e-05,0.0009205330793282826,0.003757557793410579,0.9303482587064676,-0.025843203863934454,0.0,0.0,0.025769331396660128,0.46008202311139135,0.6285482903895939,0.31427414519479696,2.270493937986801,0.4625,0.9959386076315955,0.9906042508825152,1.5958182457497132,0.676528555846875,0.0032821246791449638
resource_selection,no_inheritance,13,64,24,80,707,651,1358,4277,1447,2830,0.6616787467851297,80,77.04615384615384,18,9.5125,0.5091937765205092,0.00015807856755860068,0.0010524858513078295,0.0035927652889466036,0.7064676616915423,-0.021450885733907566,0.0,0.0,0.004618175820550879,0.4592215520811178,0.6391351090887736,0.3195675545443868,2.2836412944152626,0.45,0.9927744539878084,0.978578016440773,1.4282366087601883,0.6978984368048986,0.004071563078423125
resource_selection,no_inheritance,14,64,24,80,764,708,1472,4187,1727,2460,0.5875328397420587,80,76.53846153846153,19,9.1375,0.5091623036649214,5.023337999253419e-05,0.0010637031394083768,0.003752604038512618,0.8606965174129353,0.008234267687574149,0.0,0.0,0.0007174434760641724,0.4535505990856749,0.6313738465345715,0.31568692326728576,2.2741601275027232,0.5,1.0,0.9861325791009825,1.604256298062463,0.711325442898606,0.0036487429759301986
resource_selection,no_inheritance,15,64,24,80,735,679,1414,4250,1666,2584,0.608,80,77.06153846153846,17,11.0375,0.5034013605442177,6.236517963172745e-06,0.0010820118197934485,0.0034788254904171076,0.9552238805970149,-0.015925053470138974,0.0,0.0,0.021903823153398394,0.459419921322549,0.6349202547125561,0.31746012735627804,2.277895750587565,0.325,0.9097361225311662,0.9822430899879467,1.4542183567546119,0.6237348559986265,0.0033154325259515563
resource_selection,no_inheritance,16,64,24,80,699,643,1342,4306,1525,2781,0.6458430097538319,80,77.36923076923077,16,9.9375,0.4864091559370529,0.0018995863414592758,0.0011225427463422847,0.004357395204285683,0.19900497512437812,0.03171558512002839,0.0,0.0,0.004336371593008759,0.4604625142006488,0.6430346553790554,0.3215173276895277,2.2938151782222054,0.45,0.9927744539878084,0.9754933562116394,1.6078872928472208,0.6710277868590662,0.0023796174188728584
resource_selection,no_inheritance,17,64,24,80,729,673,1402,4289,1482,2807,0.6544649102354861,80,77.56923076923077,13,8.475,0.4897119341563786,0.0007421844772422144,0.0010356327883214462,0.0045923570435727045,0.43781094527363185,-0.015433880758243654,0.0,0.0,0.029172065198266067,0.45985708704866873,0.6415969644826546,0.3207984822413273,2.2905229737217025,0.4625,0.9959386076315955,0.9783800182149129,1.4820300297163382,0.6453273638714098,0.009976776412040735
resource_selection,no_inheritance,18,64,24,80,747,691,1438,4237,1696,2541,0.5997167807410904,80,77.04615384615384,16,9.6625,0.5087014725568942,1.2473997629188502e-07,0.0009602430505514025,0.004790569624240545,1.0,-0.00548792013083993,0.0,0.0,0.008460335082761394,0.4613693087544209,0.6382996756231187,0.31914983781155937,2.2813425774384934,0.5125,0.9995491108252484,0.966053611167342,1.6654566794600782,0.6785815954311392,0.0030415823291324883
resource_selection,no_inheritance,19,64,24,80,758,702,1460,4255,1639,2616,0.6148061104582844,80,77.49230769230769,15,10.575,0.5079155672823219,8.209707088393213e-05,0.0008811569133773781,0.003625119585257325,0.8308457711442786,0.013181386383436803,0.0,0.0,-0.019674172916337246,0.45136318043672186,0.6318239681852063,0.3159119840926031,2.27253860340618,0.4375,0.9886994082884974,0.9693563274215798,1.6605736194899994,0.6785781794075871,-0.002436726820316459
resource_selection,no_inheritance,20,64,24,80,708,652,1360,4241,1535,2706,0.6380570620136761,80,76.50769230769231,12,8.275,0.4759887005649718,0.0028990619190493554,0.001244569774787515,0.0047213622660807145,0.1044776119402985,-0.015450442593042651,0.0,0.0,-0.004946624094766677,0.45402239110632564,0.61634888820716,0.30817444410358,2.2538315381078196,0.4125,0.9777945702913884,0.9855176704493129,1.5349562792437843,0.6697929771948072,0.003341250381336542
neutral,quantum,11,64,24,80,701,645,1346,4013,2443,1570,0.3912285073511089,80,72.8923076923077,18,10.725,0.7161198288159771,0.1380082869742026,0.0010806058157894257,0.004120745969958182,0.004975124378109453,0.9918546777302395,0.0898716119828816,0.5238095238095238,-0.004196737681098767,0.2800000000000001,0.4993985360033094,0.2496992680016547,2.1001075596988574,0.4875,0.9995491108252484,0.9836859620035542,1.778202182523018,0.84549400531872,-0.0020010967346405797
neutral,quantum,12,64,24,80,714,658,1372,4078,2554,1524,0.3737126042177538,80,74.0923076923077,13,9.2125,0.5784313725490197,0.018037227544494695,0.0010543863733757973,0.003918702820427385,0.009950248756218905,0.9885381766211794,0.07983193277310924,0.49122807017543857,-0.0075530877292991905,0.28000000000000014,0.673254430994285,0.3366272154971425,2.3265309756890558,0.625,0.9544340029249649,0.9906052981371976,1.7551243308691435,0.4962501324612842,-0.001930357056524784
neutral,quantum,13,64,24,80,726,671,1397,4051,2647,1404,0.3465810910886201,79,73.86153846153846,16,11.670886075949367,0.5550964187327824,0.006658862776876093,0.001153543371358736,0.004338901024762705,0.01990049751243781,0.9824551532468967,0.0674931129476584,0.5714285714285714,-0.005246183072672994,0.2800000000000001,0.713716227349758,0.356858113674879,2.376250492468492,0.5189873417721519,0.9989595114657399,0.9768730570277715,1.7277301541539896,0.4168973196192708,-0.002284498904092545
neutral,quantum,14,64,24,80,725,669,1394,4122,2523,1599,0.3879184861717613,80,74.93846153846154,14,9.0625,0.6275862068965518,0.04054999563283347,0.000893085530277245,0.003240089214874193,0.004975124378109453,0.9896488004157769,0.0896551724137931,0.5076923076923077,-0.0020668464378662266,0.28000000000000014,0.5858413809984846,0.2929206904992423,2.185363545854692,0.6125,0.9631672450918831,0.9578329255897445,2.0188810459277873,0.6975263359459722,0.0001682667011322072
neutral,quantum,15,64,24,80,714,658,1372,4078,2703,1375,0.3371750858263855,80,74.0923076923077,16,7.8,0.6428571428571429,0.0527198600785881,0.0008431960505465435,0.003348261413307049,0.004975124378109453,0.9920656547284233,0.06442577030812324,0.43478260869565216,0.021969929305847985,0.28000000000000014,0.5870460160952604,0.2935230080476302,2.1949809796591304,0.55,0.9927744539878084,0.9794672843403919,2.0093648169874427,0.8144481896444595,0.0011526099326978753
neutral,quantum,16,64,24,80,700,644,1344,4203,2423,1780,0.42350701879609803,80,75.8,15,9.65,0.6871428571428572,0.10275462102270486,0.0010795320728670223,0.0041678350080306065,0.004975124378109453,0.997054499486936,0.06714285714285714,0.6382978723404256,-0.025497517513432627,0.28,0.4184736266242271,0.20923681331211355,2.0429948100024404,0.4625,0.9959386076315955,0.9963756261840726,1.5039212073209776,1.2362023673517384,-0.010509187861858863
neutral,quantum,17,64,24,80,737,681,1418,4116,2530,1586,0.38532555879494657,80,75.03076923076924,15,9.4125,0.621438263229308,0.040598453769963225,0.0010672009712076108,0.004355545117318829,0.004975124378109453,0.9907203252094167,0.07869742198100407,0.4827586206896552,0.0036524871010438775,0.28000000000000014,0.5674907436503697,0.28374537182518483,2.1520072375772346,0.4375,0.9886994082884974,0.9844166891604147,1.8044857717122944,0.7603963855991341,0.006385755746141293
neutral,quantum,18,64,24,80,717,661,1378,4136,2596,1540,0.3723404255319149,80,75.03076923076924,17,10.2375,0.6541143654114365,0.0666592615574618,0.0010859639553148753,0.004228376866619178,0.004975124378109453,0.9915419067588492,0.08507670850767085,0.45901639344262296,0.004964956610223753,0.28000000000000014,0.5925026190621735,0.29625130953108675,2.23372679669374,0.4125,0.9777945702913884,0.9749930971159692,1.583171582430187,0.8361805101150168,-0.001228305317465365
neutral,quantum,19,64,24,80,747,691,1438,4162,2634,1528,0.36713118692936086,80,75.8923076923077,15,9.575,0.6626506024096386,0.05493444182616386,0.0011124515681611093,0.004107321924366261,0.004975124378109453,0.9857828275326602,0.08032128514056225,0.4666666666666667,-0.011811580442376707,0.28000000000000014,0.678311523296241,0.3391557616481205,2.337688321258464,0.3625,0.944738828646789,0.9451729976466746,1.6940025586509786,0.7725001057054435,-4.306601384901544e-05
neutral,quantum,20,64,24,80,721,665,1386,4196,2498,1698,0.4046711153479504,80,76.01538461538462,14,9.6,0.6934812760055479,0.0855222237270907,0.0010036180698542129,0.0037725073376913124,0.004975124378109453,0.9952403226190247,0.08183079056865465,0.5254237288135594,0.015294541096478653,0.28,0.5170401084175842,0.2585200542087921,2.203464898695522,0.3,0.8812908992306927,0.9311732328521686,1.2185251744182013,0.8601185511331486,-0.0007485339435351263
neutral,dephased,11,64,24,80,701,645,1346,4013,2443,1570,0.3912285073511089,80,72.8923076923077,18,10.725,0.7161198288159771,0.1380082869742026,0.0010806058157894257,0.004120745969958182,0.004975124378109453,0.9918546777302395,0.0898716119828816,0.5238095238095238,-0.004196737681098767,0.2800000000000001,0.0,0.0,1.6502865082007434,0.4875,0.9995491108252484,0.9836859620035542,1.778202182523018,0.84549400531872,-0.0020010967346405797
neutral,dephased,12,64,24,80,714,658,1372,4078,2554,1524,0.3737126042177538,80,74.0923076923077,13,9.2125,0.5784313725490197,0.018037227544494695,0.0010543863733757973,0.003918702820427385,0.009950248756218905,0.9885381766211794,0.07983193277310924,0.49122807017543857,-0.0075530877292991905,0.28000000000000014,0.0,0.0,1.638765992323804,0.625,0.9544340029249649,0.9906052981371976,1.7551243308691435,0.4962501324612842,-0.001930357056524784
neutral,dephased,13,64,24,80,726,671,1397,4051,2647,1404,0.3465810910886201,79,73.86153846153846,16,11.670886075949367,0.5550964187327824,0.006658862776876093,0.001153543371358736,0.004338901024762705,0.01990049751243781,0.9824551532468967,0.0674931129476584,0.5714285714285714,-0.005246183072672994,0.2800000000000001,0.0,0.0,1.6286761007368376,0.5189873417721519,0.9989595114657399,0.9768730570277715,1.7277301541539896,0.4168973196192708,-0.002284498904092545
neutral,dephased,14,64,24,80,725,669,1394,4122,2523,1599,0.3879184861717613,80,74.93846153846154,14,9.0625,0.6275862068965518,0.04054999563283347,0.000893085530277245,0.003240089214874193,0.004975124378109453,0.9896488004157769,0.0896551724137931,0.5076923076923077,-0.0020668464378662266,0.28000000000000014,0.0,0.0,1.6037646989258967,0.6125,0.9631672450918831,0.9578329255897445,2.0188810459277873,0.6975263359459722,0.0001682667011322072
neutral,dephased,15,64,24,80,714,658,1372,4078,2703,1375,0.3371750858263855,80,74.0923076923077,16,7.8,0.6428571428571429,0.0527198600785881,0.0008431960505465435,0.003348261413307049,0.004975124378109453,0.9920656547284233,0.06442577030812324,0.43478260869565216,0.021969929305847985,0.28000000000000014,0.0,0.0,1.6133588585504899,0.55,0.9927744539878084,0.9794672843403919,2.0093648169874427,0.8144481896444595,0.0011526099326978753
neutral,dephased,16,64,24,80,700,644,1344,4203,2423,1780,0.42350701879609803,80,75.8,15,9.65,0.6871428571428572,0.10275462102270486,0.0010795320728670223,0.0041678350080306065,0.004975124378109453,0.997054499486936,0.06714285714285714,0.6382978723404256,-0.025497517513432627,0.28,0.0,0.0,1.6513488593317034,0.4625,0.9959386076315955,0.9963756261840726,1.5039212073209776,1.2362023673517384,-0.010509187861858863
neutral,dephased,17,64,24,80,737,681,1418,4116,2530,1586,0.38532555879494657,80,75.03076923076924,15,9.4125,0.621438263229308,0.040598453769963225,0.0010672009712076108,0.004355545117318829,0.004975124378109453,0.9907203252094167,0.07869742198100407,0.4827586206896552,0.0036524871010438775,0.28000000000000014,0.0,0.0,1.6191075473543821,0.4375,0.9886994082884974,0.9844166891604147,1.8044857717122944,0.7603963855991341,0.006385755746141293
neutral,dephased,18,64,24,80,717,661,1378,4136,2596,1540,0.3723404255319149,80,75.03076923076924,17,10.2375,0.6541143654114365,0.0666592615574618,0.0010859639553148753,0.004228376866619178,0.004975124378109453,0.9915419067588492,0.08507670850767085,0.45901639344262296,0.004964956610223753,0.28000000000000014,0.0,0.0,1.6575691310392378,0.4125,0.9777945702913884,0.9749930971159692,1.583171582430187,0.8361805101150168,-0.001228305317465365
neutral,dephased,19,64,24,80,747,691,1438,4162,2634,1528,0.36713118692936086,80,75.8923076923077,15,9.575,0.6626506024096386,0.05493444182616386,0.0011124515681611093,0.004107321924366261,0.004975124378109453,0.9857828275326602,0.08032128514056225,0.4666666666666667,-0.011811580442376707,0.28000000000000014,0.0,0.0,1.6857165743187847,0.3625,0.944738828646789,0.9451729976466746,1.6940025586509786,0.7725001057054435,-4.306601384901544e-05
neutral,dephased,20,64,24,80,721,665,1386,4196,2498,1698,0.4046711153479504,80,76.01538461538462,14,9.6,0.6934812760055479,0.0855222237270907,0.0010036180698542129,0.0037725073376913124,0.004975124378109453,0.9952403226190247,0.08183079056865465,0.5254237288135594,0.015294541096478653,0.28,0.0,0.0,1.7148713032472205,0.3,0.8812908992306927,0.9311732328521686,1.2185251744182013,0.8601185511331486,-0.0007485339435351263
neutral,classical,11,64,24,80,701,645,1346,4013,2443,1570,0.3912285073511089,80,72.8923076923077,18,10.725,0.7161198288159771,0.1380082869742026,0.0010806058157894257,0.004120745969958182,0.004975124378109453,0.9918546777302395,0.0898716119828816,0.5238095238095238,-0.004196737681098767,0.2800000000000001,0.0,0.0,1.6502865082007434,0.4875,0.9995491108252484,0.9836859620035542,1.778202182523018,0.84549400531872,-0.0020010967346405797
neutral,classical,12,64,24,80,714,658,1372,4078,2554,1524,0.3737126042177538,80,74.0923076923077,13,9.2125,0.5784313725490197,0.018037227544494695,0.0010543863733757973,0.003918702820427385,0.009950248756218905,0.9885381766211794,0.07983193277310924,0.49122807017543857,-0.0075530877292991905,0.28000000000000014,0.0,0.0,1.638765992323804,0.625,0.9544340029249649,0.9906052981371976,1.7551243308691435,0.4962501324612842,-0.001930357056524784
neutral,classical,13,64,24,80,726,671,1397,4051,2647,1404,0.3465810910886201,79,73.86153846153846,16,11.670886075949367,0.5550964187327824,0.006658862776876093,0.001153543371358736,0.004338901024762705,0.01990049751243781,0.9824551532468967,0.0674931129476584,0.5714285714285714,-0.005246183072672994,0.2800000000000001,0.0,0.0,1.6286761007368382,0.5189873417721519,0.9989595114657399,0.9768730570277715,1.7277301541539896,0.4168973196192708,-0.002284498904092545
neutral,classical,14,64,24,80,725,669,1394,4122,2523,1599,0.3879184861717613,80,74.93846153846154,14,9.0625,0.6275862068965518,0.04054999563283347,0.000893085530277245,0.003240089214874193,0.004975124378109453,0.9896488004157769,0.0896551724137931,0.5076923076923077,-0.0020668464378662266,0.28000000000000014,0.0,0.0,1.6037646989258973,0.6125,0.9631672450918831,0.9578329255897445,2.0188810459277873,0.6975263359459722,0.0001682667011322072
neutral,classical,15,64,24,80,714,658,1372,4078,2703,1375,0.3371750858263855,80,74.0923076923077,16,7.8,0.6428571428571429,0.0527198600785881,0.0008431960505465435,0.003348261413307049,0.004975124378109453,0.9920656547284233,0.06442577030812324,0.43478260869565216,0.021969929305847985,0.28000000000000014,0.0,0.0,1.6133588585504899,0.55,0.9927744539878084,0.9794672843403919,2.0093648169874427,0.8144481896444595,0.0011526099326978753
neutral,classical,16,64,24,80,700,644,1344,4203,2423,1780,0.42350701879609803,80,75.8,15,9.65,0.6871428571428572,0.10275462102270486,0.0010795320728670223,0.0041678350080306065,0.004975124378109453,0.997054499486936,0.06714285714285714,0.6382978723404256,-0.025497517513432627,0.28,0.0,0.0,1.6513488593317034,0.4625,0.9959386076315955,0.9963756261840726,1.5039212073209776,1.2362023673517384,-0.010509187861858863
neutral,classical,17,64,24,80,737,681,1418,4116,2530,1586,0.38532555879494657,80,75.03076923076924,15,9.4125,0.621438263229308,0.040598453769963225,0.0010672009712076108,0.004355545117318829,0.004975124378109453,0.9907203252094167,0.07869742198100407,0.4827586206896552,0.0036524871010438775,0.28000000000000014,0.0,0.0,1.6191075473543828,0.4375,0.9886994082884974,0.9844166891604147,1.8044857717122944,0.7603963855991341,0.006385755746141293
neutral,classical,18,64,24,80,717,661,1378,4136,2596,1540,0.3723404255319149,80,75.03076923076924,17,10.2375,0.6541143654114365,0.0666592615574618,0.0010859639553148753,0.004228376866619178,0.004975124378109453,0.9915419067588492,0.08507670850767085,0.45901639344262296,0.004964956610223753,0.28000000000000014,0.0,0.0,1.6575691310392378,0.4125,0.9777945702913884,0.9749930971159692,1.583171582430187,0.8361805101150168,-0.001228305317465365
neutral,classical,19,64,24,80,747,691,1438,4162,2634,1528,0.36713118692936086,80,75.8923076923077,15,9.575,0.6626506024096386,0.05493444182616386,0.0011124515681611093,0.004107321924366261,0.004975124378109453,0.9857828275326602,0.08032128514056225,0.4666666666666667,-0.011811580442376707,0.28000000000000014,0.0,0.0,1.6857165743187847,0.3625,0.944738828646789,0.9451729976466746,1.6940025586509786,0.7725001057054435,-4.306601384901544e-05
neutral,classical,20,64,24,80,721,665,1386,4196,2498,1698,0.4046711153479504,80,76.01538461538462,14,9.6,0.6934812760055479,0.0855222237270907,0.0010036180698542129,0.0037725073376913124,0.004975124378109453,0.9952403226190247,0.08183079056865465,0.5254237288135594,0.015294541096478653,0.28,0.0,0.0,1.7148713032472205,0.3,0.8812908992306927,0.9311732328521686,1.2185251744182013,0.8601185511331486,-0.0007485339435351263
neutral,no_inheritance,11,64,24,80,724,668,1392,4102,2617,1485,0.36201852754753777,80,74.61538461538461,15,8.9,0.5193370165745856,0.0005179186534617561,0.0009585438228004112,0.003370209324052388,0.527363184079602,0.06757961390845037,0.0,0.0,0.005372897971495344,0.28000000000000014,0.6406343989416978,0.3203171994708489,2.283892561244807,0.4125,0.9777945702913884,0.9852113940918166,1.6061469377843292,0.6538229480782656,0.0065108385606336356
neutral,no_inheritance,12,64,24,80,710,654,1364,4139,2601,1538,0.3715873399371829,80,74.96923076923076,14,8.9125,0.5084507042253521,6.180935689911239e-07,0.000903249279733401,0.0030116234948102598,1.0,-0.01978259636561466,0.0,0.0,-0.021733803119910966,0.28000000000000014,0.6384211674547525,0.31921058372737626,2.2847923432154253,0.4375,0.9886994082884974,0.9844546313932411,1.5355477887378448,0.7047305791239964,-0.004591414754297118
neutral,no_inheritance,13,64,24,80,717,665,1382,4088,2594,1494,0.36545988258317025,76,74.29230769230769,17,10.947368421052632,0.5258019525801952,0.0015328039713126476,0.0010609481504285086,0.004337630030222934,0.24378109452736318,0.022000436730891547,0.0,0.0,-0.005895854530024169,0.28000000000000014,0.6326934039537371,0.31634670197686854,2.2737366835788007,0.4605263157894737,0.9954993847275952,0.9879387769777819,1.5598181965984672,0.7167144602161383,0.0019908753987614896
neutral,no_inheritance,14,64,24,80,712,656,1368,4085,2479,1606,0.3931456548347613,80,74.16923076923077,16,10.0375,0.5126404494382022,3.6928068957977006e-07,0.0007866597997452465,0.0029873031270607475,1.0,0.02424932924447904,0.0,0.0,-0.024156931893321576,0.28000000000000014,0.6392708399072894,0.3196354199536447,2.2851619394690363,0.5,1.0,0.9712533139794477,1.579128655820773,0.7008884075404533,-0.004792528416198616
neutral,no_inheritance,15,64,24,80,708,652,1360,4122,2549,1573,0.38161086851043186,80,74.67692307692307,19,10.2125,0.5056497175141242,6.07414835899849e-06,0.0010708749446704682,0.004320856314095378,0.9552238805970149,-0.06997798688187873,0.0,0.0,0.00323130701679597,0.28000000000000014,0.6304745038478845,0.31523725192394225,2.2688127509401372,0.4,0.9709505944546686,0.9860704071496017,1.5114720796155166,0.7354447025786944,-0.00045553839341142856
neutral,no_inheritance,16,64,24,80,715,659,1374,4156,2540,1616,0.3888354186717998,80,75.3076923076923,16,8.725,0.5034965034965035,0.0004823107637792999,0.0010962983589699004,0.00443672182465231,0.527363184079602,0.009034966954092486,0.0,0.0,-0.020690863195074294,0.28000000000000014,0.633128641709408,0.316564320854704,2.274080672720615,0.4,0.9709505944546686,0.9730527824711728,1.563290793064817,0.6930843352946567,-0.005531562146544627
neutral,no_inheritance,17,64,24,80,743,687,1430,4143,2549,1594,0.38474535360849627,80,75.53846153846153,18,8.95,0.5033647375504711,6.354610468779125e-06,0.0009701752519584089,0.0033966711421637695,0.9402985074626866,-0.023472480300141572,0.0,0.0,0.019923034816793,0.2800000000000001,0.6400858780296014,0.3200429390148007,2.2856718951483983,0.525,0.99819587904281,0.9822052770042698,1.7226069158621407,0.6553074989281584,0.0015729022236600741
neutral,no_inheritance,18,64,24,80,689,633,1322,4197,2433,1764,0.42030021443888493,80,75.53846153846153,14,8.675,0.5544267053701016,0.008181457103807091,0.0011349310403887438,0.003977704217913622,0.004975124378109453,-0.016421613566813126,0.0,0.0,0.007524083233628964,0.2800000000000001,0.6262140051118107,0.31310700255590534,2.261684890155273,0.5,1.0,0.9924860707156109,1.7448415184119987,0.6631953404133942,0.00648658750713675
neutral,no_inheritance,19,64,24,80,747,691,1438,4200,2625,1575,0.375,80,76.47692307692307,14,8.375,0.47657295850066933,0.0017002748218564456,0.0009240680978762192,0.003568692164575713,0.1890547263681592,-0.013481192902187945,0.0,0.0,-0.024603296086535026,0.28,0.6429134453456022,0.3214567226728011,2.2862263020183264,0.525,0.99819587904281,0.9926769092988632,1.5955292658895568,0.6618675875178441,-0.009015646258503396
neutral,no_inheritance,20,64,24,80,724,668,1392,4123,2484,1639,0.3975260732476352,80,74.93846153846154,15,10.9,0.4972375690607735,0.0005008613431852493,0.001095571363648761,0.004080061295452013,0.5024875621890548,-0.007699023734094366,0.0,0.0,-0.021603995936722437,0.28000000000000014,0.6458363403923959,0.32291817019619795,2.289967606182713,0.375,0.9544340029249649,0.9822783454340395,1.4373958280491794,0.6747333386105226,-0.006285910295756919
